msg,from,to,date,time,,
hyyy,You,Ankit,5/26/2023, 9:05:54 AM,,
hyu,Ankit,You,5/26/2023, 9:06:14 AM,,
dfasdfasdf,You,Ankit,5/26/2023,11:33:55 AM,,
sdfasdfhasf,You,Ankit,5/26/2023,11:34:19 AM,,
fdfjsadf,You,Ankit,5/26/2023,11:36:02 AM,,
dfasdf,Ankit,You,5/26/2023,11:36:03 AM,,
3gt6nfju,You,Ankit,5/26/2023,11:36:07 AM,,
en8fbe43,You,You,5/26/2023,11:36:10 AM,,
ncvz6zzbr,You,Ankit,5/26/2023,11:36:13 AM,,
75webas5,Ankit,You,5/26/2023,11:36:17 AM,,
ngcxvzte,You,Ankit,5/26/2023,11:36:19 AM,,
bxcvbrre,You,Ankit,5/26/2023,11:36:21 AM,, 
brfaertasdvaeryae4rfxvwrtgefsd,Ankit,You,5/26/2023,11:36:24 AM,,
sdfasdjf sdfj asdhjkfh sadjkfh jksdf,Ankit,You,5/26/2023,11:36:27 AM,,
fasdfjlasdjfhlasjd,You,Ankit,5/26/2023,11:36:29 AM,,
